FullName,Phone,State,Interest,Email
Rachel Long,(595) 997-6033,FL,Kitchen Remodel,james59@example.com
Emily Smith,(368) 694-5308,NY,Flooring,iriley@example.com
Brandon Arellano,(210) 311-3477,NJ,Windows Replacement,stanleycarson@example.net
Jennifer Wade,(673) 758-2005,TX,Windows Replacement,johnconley@example.net
Jacqueline Hernandez,(714) 452-6076,CT,Bathroom Upgrade,kevinmathis@example.net
Jonathan Henry,(278) 200-7227,MA,Bathroom Upgrade,lgoodman@example.com
Daniel Whitaker,(510) 371-1824,FL,Kitchen Remodel,brogers@example.net
Alisha Payne,(885) 787-3352,MA,Kitchen Remodel,chloe57@example.net
Mike Higgins,(495) 982-5562,CT,Roofing,john14@example.com
Andrew Schmidt,(725) 734-2620,NJ,Roofing,xyoung@example.org
Kristy Williamson,(257) 706-2715,CT,Bathroom Upgrade,kwilliams@example.org
Ryan Martinez,(386) 449-4895,TX,Roofing,jackie32@example.net
Laurie Nguyen,(987) 479-8934,NJ,Kitchen Remodel,ghenderson@example.org
William Blevins,(775) 878-5024,FL,Roofing,umoses@example.net
Angela Mendez,(876) 456-5178,NJ,Kitchen Remodel,whitakerdonna@example.org
Laura Curry,(361) 982-8481,FL,Roofing,lwheeler@example.org
Cesar Foster,(306) 392-7580,FL,Windows Replacement,lopeztimothy@example.org
Jessica Tucker,(698) 647-4314,FL,Roofing,gomezdevin@example.org
April Williams,(844) 303-1125,NY,Painting,lowedenise@example.org
Jacqueline Buck,(472) 271-5604,NY,Windows Replacement,xwhitehead@example.net
Christine May,(693) 288-8471,NJ,Roofing,kimjared@example.com
Thomas Moyer,(651) 669-4170,NJ,Painting,snowbeth@example.net
Elizabeth Brown,(230) 945-4954,FL,Bathroom Upgrade,harrisryan@example.com
Mary Frazier,(528) 807-1097,NJ,Roofing,elizabethreyes@example.net
James Callahan,(627) 592-7896,TX,Painting,shelby91@example.org
Gregory Lutz,(544) 289-8270,FL,Bathroom Upgrade,mary55@example.net
Roger Sandoval,(335) 384-3743,MA,Painting,brianbailey@example.com
Connor Stone,(610) 841-1136,CT,Painting,tammyburns@example.com
Jonathan Warren,(792) 817-3940,FL,Kitchen Remodel,chelseahernandez@example.net
Donna Anderson,(765) 296-4880,MA,Flooring,mariebeltran@example.net